Model,MSE,R_squared
OLS,0.41647830174942324,0.9035786286804698
Random Forest,0.18566805764544572,0.9570148825203899
