Model,R_squared,F_statistic,F_p_value,Observations
EPU Lag 1,0.9763280354180458,1245.5707496327675,0.0,156
EPU Lag 2,0.9762070112669078,1239.081481985347,0.0,156
EPU Lag 3,0.9755488671723093,1204.9165981888068,0.0,156
No Outlier Periods,0.9775738325524128,1246.695926815931,0.0,148
Normal SE,0.9772780843158496,1298.9132851560553,0.0,156
Clustered SE,0.9772780843158496,1298.9132851560553,0.0,156
