Model,R_squared,Observations,Main Driver Coefficient
EPU Lag 1,0.9763280354180458,156,
EPU Lag 2,0.9762070112669078,156,
EPU Lag 3,0.9755488671723093,156,
No Outlier Periods,0.9775738325524128,148,-0.018898188437805573
Normal SE,0.9772780843158496,156,-0.018811758326498954
Clustered SE,0.9772780843158496,156,-0.018811758326498954
